0.0,0.0004892927438507213,0.0005487330400347477,0.0005521992935617272,0.0007900052295661044
0.0,0.00044455405142756923,0.0007140759316952747,0.0007141657922015764,0.0008459518735742407,0.0008500221888058455,0.0008904685184069305
0.0
0.0,0.0005832527411500108,0.0007053700887643568,0.0007114894628955437,0.0009617716350701291
0.0
0.0,0.0005333442697959455,0.0005505093303083546,0.0005621412185772744,0.0006407242198319308,0.0006438102629005494,0.0006509084152203788,0.0006519554591563639,0.0011662524786967717
0.0
0.0
0.0
0.0
0.0
0.0,0.0004456257302811162,0.0005018693277671845,0.0005051725961157626,0.0005115567911995684,0.0005186546469056259,0.0005354245160839653,0.0005368733758795839,0.0005782581445026191,0.0005794855240746052,0.000640798174725219,0.0006430871763386668,0.0007591390696041295,0.000763423449354035,0.0008286959815053879
0.0,0.0005759099677693253,0.0006267989427644579,0.0006358879202350314,0.0010431209168781854
0.0
0.0,0.0004397526374183648,0.0005410811098813715,0.0005499051200684505,0.0006070195546468749,0.0006091753346731205,0.0008276698655988323
0.0,0.0004565776175691374,0.0008684591210315848
0.0,0.000484985553608072,0.0005496725036108032,0.0005510930450065857,0.0005688430543516903,0.0005707903374302858,0.000647028098757931,0.0006476690023213596,0.0007809739481615649
0.0,0.0005512899273425655,0.0006348202476072742,0.0006432294205593473,0.0006596073053286577,0.0006604322007540746,0.0007184766582689679,0.0007215710958638504,0.0008079736433406333
0.0
0.0,0.0004381269706698963,0.0009452891539043484
0.0,0.0005250442848774674,0.0005965046943677193,0.000596872984168866,0.0006068050466387741,0.0006081428106773565,0.0008715409013593179
0.0,0.0005784948991783825,0.0008885962953080613
0.0
0.0
0.0
0.0
0.0
0.0
0.0,0.00046540539952338926,0.0004889811412167251,0.0005031644204216829,0.000699008168882405
0.0
0.0
0.0,0.0006441639448133878,0.000750077366234633
0.0
0.0,0.0005512323490339821,0.000648205363288156,0.0006674443681719019,0.0007303560731957564,0.000733790546293661,0.0007940544855106129
0.0
0.0,0.00042215390300408994,0.0005817143565289919,0.0005833523773231179,0.0006423808965606707,0.0006716640011206747,0.0008781734717276394
0.0,0.0005473718011772443,0.0006675841424141629,0.0006689244533698078,0.0007572400574040596
0.0
0.0,0.0005909949617587282,0.0007390253293821408
0.0,0.0005253298206659263,0.0006291165972732255,0.0006382829401123177,0.0006422047406520413,0.0006462590765367417,0.0007721845823578051,0.0007725053402723059,0.0009750886507738857
0.0,0.0006490861240708212,0.0006611375795506284,0.0006652490625945615,0.0007856666083615139
0.0,0.0005337754388682021,0.0006142580473633931,0.0006232681689980858,0.0009463148079139909
0.0,0.0005551751006931301,0.0006163460415593722,0.0006176784884530976,0.0008277089760625632
0.0
0.0
0.0
0.0,0.0005529936959362244,0.0007356990137448344,0.000736369532181397,0.0007685173646415142
0.0,0.0006358968961713436,0.0006396963706750812,0.0006466470206500018,0.000712793655526148,0.0007216036720039015,0.0008435740997609637,0.0008598763400461536,0.0010722076118743263
0.0
0.0,0.0005438845194841758,0.0006060109494734188,0.000613600998236085,0.0006215734643388661,0.0006222782312216018,0.0008766152236924244
0.0
0.0
0.0
0.0,0.0005712004298445685,0.0008865775463795128
0.0,0.0006198937923213683,0.0008781378088869927
0.0
0.0,0.0006454568479487535,0.0009883623822206215
0.0,0.0004830588931449089,0.0005004174794984649,0.0005010854120959315,0.0005964997540024427,0.0006048727673322028,0.0006652537529306257
0.0
0.0
0.0,0.0004954753305678588,0.0005179050721324868,0.0005214780304775398,0.0005888608205171689,0.0005936696096884032,0.0008012536110218448
0.0,0.0005372431800856274,0.000728338762856906,0.0007388656389554704,0.0008922887181261152
0.0
0.0,0.0007033682523973983,0.0007186754164808174,0.000718721912512805,0.0011333896093569755,0.0011337978155564002,0.001153425546525491
0.0,0.0005369965246241501,0.0006975744227413638,0.0006977783028414972,0.0010176204759234642
0.0,0.0005926983750945515,0.0006368158416478861,0.0006389664663951082,0.0009030890725112318
0.0
0.0
0.0,0.0005677055079466529,0.000614838677565133,0.0006173392364699486,0.0007600743844342255
0.0,0.0005840698223654733,0.0006800659847272336,0.0006852827537164442,0.0007697897041851865
0.0,0.0005674887916736275,0.0006182465216716147,0.0006207826561002188,0.0006825199046618153,0.0006856564700628118,0.0007393161278023244
0.0,0.00047473772513179107,0.0007145538184421929,0.0007245039920073839,0.0008493801210650203
0.0
0.0
0.0,0.0004279557352377536,0.00043705141377486635,0.00044073507473954934,0.00046568597865225437,0.0004771420769674886,0.0006270865252960785,0.0006301069896967001,0.0006434716385288621,0.0006467321972679714,0.0007599344114356888
0.0
0.0
0.0
0.0,0.0005529511897635792,0.0005643324298617023,0.0005697122451849019,0.0007278101814723468
0.0
0.0
0.0,0.0006062005810992847,0.0007350761008489516,0.0007354210512943518,0.0008467705230232095
0.0,0.0006284614364791035,0.0008169320488743042
0.0,0.0004792559494230931,0.0005108682939826903,0.0005109854592367574,0.0005276507942160945,0.0005318210907030269,0.0010130545975155494
0.0,0.0005899228252691131,0.0006625974496738196,0.0006735545354591555,0.0007419911139916269,0.0007421518707687657,0.0009631101658071935
0.0,0.0005061740328718513,0.0006207092263463388,0.0006209681985082568,0.0006227931491514376,0.0006278574991942574,0.0006615219698358174,0.0006619929350034882,0.0007053089411780977,0.0007072425304512797,0.0007946833714996868
0.0,0.0005193342618289206,0.0007176891465705222,0.0007178884337636328,0.0010077561208651946
0.0,0.00039232514637954575,0.00040074038418998485,0.0004060305237910927,0.000414437182647028,0.0004188088212554477,0.0004608015506364491,0.0004629565997100874,0.0006620230671766891,0.0006621732751611735,0.0006753670842434953,0.0006764538723704053,0.0006766527300889184,0.0006769869678776714,0.0007356468736825157,0.0007379783283236379,0.0007869296392915426
0.0,0.0005625830107048532,0.001151209125001286
0.0,0.0006208773008813019,0.0007451660557064618
0.0,0.000606980808569092,0.0006300699645578809,0.0006412033163792687,0.0007470052133919351,0.000747103358938968,0.0009490160816987027
0.0
0.0
0.0,0.0005827304232230449,0.0007277042804757516,0.0007302907591643529,0.000766454925707553,0.0007695956186131277,0.0008312693285268955
0.0,0.0005291986270105756,0.0006419610964199944,0.0006440082920339919,0.0007083718583551368,0.0007150488152640795,0.0008064312416620313
0.0,0.0006944828555200748,0.0007205058540971239,0.0007230123232492798,0.0007959966311783539
0.0,0.0005257583934901571,0.0005405505399559122,0.0005415537674686729,0.0005993620417594176,0.0006005528212520148,0.0006227732858177262,0.0006257080348367467,0.0006909205301329226,0.0006942178217219776,0.0007116299782343319,0.0007117202750103079,0.0008144472947557064
0.0,0.0005911453700066211,0.0006038756808045188,0.0006049715140827134,0.0007354327535826494,0.0007386833875328466,0.0007853935041888965
0.0,0.0005949522654066049,0.000716498186524149,0.0007167739063160249,0.0007673466282011454
0.0,0.0006541807665631884,0.0008223244793621416
0.0,0.00046253997788039784,0.0006355465583753555,0.0006355710017070737,0.0006630288562411018,0.0006637515069217615,0.0008166043693108752
0.0
0.0
0.0
0.0,0.00048405944889036824,0.0006039357092247074,0.0006156956814880813,0.0006876226348828322,0.0006881409919067932,0.0007843874931116599,0.0007885075968119933,0.0007910141402316166
0.0,0.00043659218969567944,0.0005166450013265489,0.0005224154919968396,0.0006920230808812659,0.0006937325471476448,0.000782590327633196
0.0
0.0
0.0
0.0,0.000541812812657323,0.0006186981818968477,0.0006269541458994789,0.0006301517409545499,0.000632852689775153,0.0006531502954845625,0.0006533766355753225,0.0008182435100669657,0.0008322638198154529,0.0008629594428626793,0.000863227635335223,0.0008643780249840198
0.0,0.0005296395626062159,0.0006485599557478572,0.0006548526031488971,0.001052728715902165
0.0,0.00044345357420194696,0.0004473621605152762,0.0004475543732859397,0.00047780104740299237,0.0004788364082789836,0.0005550064982600349,0.0005654241070894035,0.000633961371220959
0.0
0.0
0.0
0.0
0.0
0.0,0.0007083242666045678,0.0009550971666602833
0.0
0.0
0.0
0.0
0.0,0.0006313510041469781,0.0007839972253916055
0.0
0.0,0.0005945379802073953,0.0007028701008330361
0.0
0.0,0.00044166519824385936,0.000578986044310763,0.0005796523097662202,0.0006765839109863467,0.0006776135786742014,0.0007432725786532476,0.000747090888881841,0.0010076745099345653
0.0,0.0004638610613742497,0.00048640187597063475,0.0004864934306152227,0.000625168669251825
0.0
0.0
0.0,0.00048606030484033084,0.0006152171695155195,0.0006159035343512122,0.0006170630509850538,0.0006238805049788309,0.0006884754297922394
0.0,0.00045067798224608245,0.0005996134048790618,0.0006001340730576642,0.0006512741893512436,0.0006543562158980514,0.0007391483125795715
0.0
0.0,0.0006194704234999608,0.0007433437063161163,0.0007444968324542674,0.0008207906371177803
0.0
0.0,0.0006609450983569978,0.0008090993837480555
0.0,0.0005269760429287113,0.0007224751943447851,0.0007232488058136272,0.0009685697505977736
0.0,0.0007162151584420396,0.0007371460554091576,0.0007384963550596582,0.0009335981554642172
0.0
0.0,0.0005440405673345218,0.0006754067419483798,0.0006760549609606381,0.0007192092490086252,0.0007225869527002149,0.0008150240220164551
0.0
0.0,0.0005755397867818703,0.0005815230201448694,0.0005860186816808093,0.0006477951381152363,0.0006505768041916216,0.000700298732955381,0.0007131224303989522,0.0008271909245311463,0.0008280207387641842,0.0008905251102978613,0.0008907603028093752,0.0008909274248350955
0.0,0.0006252935234948643,0.0006432105301358833,0.0008024450210528369,0.0008378207602018318
0.0,0.0004895336787062017,0.0005378447493382151,0.000542625299131114,0.000869070522831478
0.0,0.0005049173619692832,0.0005762385234891405,0.0005781804793457136,0.0006254271775700883,0.0006289580921167577,0.0008075196454544925,0.0008075268921665002,0.0008583263276888224
0.0
0.0,0.00040464768881906933,0.00045877719447377026,0.00045899148797063716,0.0005129122062046241,0.000513098931083093,0.0005613736802768583,0.0005667756384437577,0.0005977975929609068,0.0006039006896016248,0.0008162482636280568
0.0,0.0006746703690783264,0.000753205078062046
0.0,0.000571142058826818,0.000612200218262207,0.000613723259974393,0.0006254679214039531
0.0
0.0
0.0,0.0006075491345915321,0.0006287318594340945,0.0006356005173118011,0.0007690648376325295
0.0,0.0005509147680926946,0.0005629265482392567,0.0005684195240160552,0.0006009542143295377,0.0006047259245017668,0.000608498706209264,0.0006139638062909406,0.0006549267681769993,0.0006618858906489195,0.0006782396733218326,0.000680643096334501,0.0008668149666527894
0.0,0.00044542338444809567,0.0006073829911056721,0.0006080553838024839,0.0009246153363665839
0.0,0.0006505280592186367,0.0008226800034320934
0.0
0.0
0.0
0.0
0.0,0.000513754357887579,0.0007235251584427493,0.0007302871150248749,0.0008741540177267731
0.0,0.00047919125955300535,0.0004868462806863645,0.0004939041713613588,0.0005574859994612088,0.0005580139048801563,0.0006346510688306847,0.0006361928500978393,0.0008391286972314283
0.0,0.00045488544192218594,0.0006783133317991801,0.0006816661304092422,0.0007045393482064444,0.0007073578072708834,0.0007717332062590516,0.0007859997061131475,0.0008349203921406397
0.0,0.0006677249260015025,0.0007589121827222385
0.0,0.0005851487257413363,0.00070354557279083
0.0
0.0
0.0
0.0,0.0005856125999605046,0.0007088403499728648,0.0007158565724116602,0.0009807173157401691
0.0,0.0005764091582556312,0.0006081561937181876,0.0006089353158766801,0.0006475753426800094,0.0006482722117531168,0.000673901947483074,0.0006753451184517799,0.0006785092002094132,0.0006830186070190763,0.0007156443171852098,0.0007230130000819032,0.0007651909975824317
0.0
0.0
0.0,0.0006434525303980152,0.0007462674025437928,0.0007465119857770061,0.0011540746137435318
0.0,0.0007435914012423186,0.000817458817981569
0.0
0.0
0.0
0.0,0.0005917799497298588,0.0006106307863932839,0.0006165174470622305,0.0008205471559178069
0.0,0.0006484544314714227,0.0006880986618077556,0.0006891150033472172,0.0009530094446162323
0.0
0.0
0.0
0.0,0.0005332083797376262,0.0007935862613762269
0.0
0.0
0.0
0.0,0.0005040667484668071,0.000531348928652284,0.0005359799793750112,0.0005726818566359044,0.0005744196471371947,0.0005838124887206812,0.0005871221232390671,0.0006050633949751008,0.0006063540209217829,0.0006281021501754073,0.0006381459951467786,0.0008111940810287965
0.0
0.0
0.0,0.00043438111766280275,0.000505215173255064,0.0005144175262687077,0.0005925297487945679,0.0005926774770100759,0.00062447977355096,0.0006293992670176819,0.0006939791738693448,0.0007014143765822469,0.000773665134674707
0.0,0.00044729256414216263,0.00046476906519674256,0.0004720452668313215,0.0006461572312417356,0.0006476846307077817,0.0008412467835104689
0.0,0.0006450056205555339,0.0006819710639435503
0.0,0.0005645981395711248,0.0005728652242836618,0.0005773606509159284,0.0008225535653847709
0.0,0.0005203377476856755,0.0006328288669002617,0.000647603613280905,0.0007376454265009853,0.0007378536459154174,0.0008459339933087283
0.0
0.0
0.0,0.0005888196971208146,0.0007553663181249402
0.0,0.0003812711452605633,0.000400274781964354,0.0005583089297281815,0.0007142711128198577,0.0007199962949891846,0.0008056460871592613
0.0,0.0005436163371256785,0.0006191215328986563,0.0006263963155071969,0.0006600326650175744,0.0006692668338928982,0.0006743911825654738,0.0006916236409275202,0.000808783678513107
0.0,0.0006677650427718766,0.0009954537524947964
0.0,0.0005084720179709017,0.0006367971827102168,0.00064980636952829,0.0006677668493833126,0.000668824537290663,0.000707721368651816,0.000714817366897367,0.000926049756480275
0.0
0.0
0.0,0.0006862099932769872,0.0007901963353032585,0.0007924531641485625,0.000953541013298895
0.0
0.0,0.0007029853144694938,0.0009140218430587938
0.0
0.0
0.0
0.0,0.0006002539754291518,0.0007876031235300789
0.0,0.0006144195642233385,0.0006525303916832473,0.0006541310061816912,0.0007173552474971559,0.0007189340536611124,0.0009180958716510383
0.0
0.0
0.0
0.0,0.0006674922963806136,0.0007342505328126278,0.0007347040307009564,0.000960127377017449
0.0
0.0,0.0005451516098836411,0.0007198389739397539,0.0007307895687649627,0.0009990614106313743
0.0,0.0005330939468097225,0.0006153694930179966,0.0006286714288606997,0.0008295766746832936
0.0,0.0004929425674233586,0.0005010833813365905,0.0005091659350809452,0.000525421641348982,0.0005256431774229164,0.0007524290900154694,0.0007525087805124747,0.0008905137076611792
0.0,0.00061228186289626,0.0006455039307242287,0.0006647990592052851,0.0006761930339760087,0.0006939635792169517,0.0008333021821026332
0.0,0.0005113476559722242,0.000661829761574062,0.0006733067896901311,0.0008063877877463036
0.0,0.0004411124065750781,0.0005326632892084283,0.0005428386372937873,0.0006261619363183029,0.0006286983706658587,0.0006898808071604132,0.0006901457974629841,0.0007988437919557883
0.0
0.0,0.000596648928265322,0.0006188137287333008,0.0006191547081077556,0.0006664225945847287,0.0006689926816430441,0.0007597758186103584,0.0007600585834081317,0.0007927890858853492
0.0,0.0005745666821594921,0.0006154909419835196,0.0006180969678540879,0.0006604586228622342,0.0006649825691484185,0.0006727597216689823,0.0006773362083882898,0.0007002088502084867,0.0007104601544138705,0.0007505663658231984
0.0
0.0
0.0,0.0005320050751681837,0.0005478480046384799,0.0005506976558839516,0.0006590049848064921,0.0006647589672967178,0.0009339687824582117
0.0
0.0,0.0006277461544003292,0.0007163529241261415,0.0007306109327319542,0.0009086542433517042
0.0,0.0006379869240023697,0.0006604270029242086,0.0006609922296371828,0.0007072554333620589
0.0
0.0,0.0005023209675807096,0.0007187570572391934,0.0007760897622192175,0.0007906649580391744,0.0007928327876329434,0.0008208310192673635
0.0
0.0
0.0
0.0
0.0
0.0
0.0,0.0005372351167460225,0.0006127346915213037,0.000621019721282524,0.0006826205179862496,0.0006849935022153004,0.0008400794202408913
0.0,0.0005539792927909607,0.0005750411360341224,0.0005752247750704397,0.0010608844133704412
0.0
0.0
0.0
0.0,0.0006178073340164027,0.0006339033749699149,0.0006395182730261955,0.0009560266800962827
0.0
0.0,0.0005182137599495483,0.0005749274161549078,0.00058000942697151,0.0008183547713822897
0.0
0.0,0.0004739389038965694,0.0005894994886467435,0.0006026431249099666,0.0008520536376350023
0.0,0.0004474063531363413,0.0008239225646243653
0.0,0.0005527734765446588,0.0007071949754667907,0.0007234837987773986,0.0007514974768021302
0.0
0.0
0.0
0.0,0.00042902248240579027,0.0004608272857935532,0.0004648944143156046,0.0004740738991396286,0.00048157940780366697,0.0007139434565428528
0.0,0.000494878676663427,0.0005305305708232751,0.0005340745551674036,0.0006221483821872916,0.0006242210649444621,0.0007034469528467132,0.0007098162165882175,0.000959909996943759
0.0,0.0005872399046481877,0.000914940574446367
0.0
0.0,0.0005077000208741759,0.0005230512416105348,0.0005236661080338104,0.0005767712902842926,0.0005846970969324753,0.0005935067968043078,0.0005940836272923808,0.0006730613490743142,0.0006789774598343419,0.0008262220234399151
0.0
0.0
0.0,0.00047047121097591233,0.0005433889071726181,0.0005439835889132599,0.0009736160660070792
0.0
0.0
0.0,0.0006449978953015161,0.0008882610985097312
0.0
0.0
0.0
0.0,0.0005733267374020858,0.0005792040546153473,0.0005795414993288229,0.0009193250224571616
0.0,0.00044448862616800595,0.0005944677307713226,0.000599244745414621,0.0007517913946951981
0.0
0.0
0.0
0.0
0.0,0.0005924100723381216,0.0006335928279770229,0.0006342357613220125,0.001425337649526277
0.0,0.0005185430182097109,0.0006633384413322352,0.0006646936961392136,0.0006766391485866187,0.0006807268613739379,0.0006854268300371812,0.0006885652464693675,0.0008283207695316685
0.0,0.00045538680240624904,0.0004619835460209951,0.00047574507591767814,0.0005179625145365625,0.0005262221178317227,0.0005845304213967031,0.0005907432796782797,0.0007234652982033642
0.0
0.0,0.0005079757654408611,0.000600251566277039,0.0006046915321009542,0.0006086610648892447,0.0006087714368555627,0.0008140399991382848
0.0
0.0,0.0005563390530296479,0.0006075808285273119,0.0006182311529880026,0.0006193137460784544,0.0006250284789144866,0.0006538281104803156,0.00065502444113935,0.0007628264844825172
0.0
0.0,0.0005658916813357024,0.0006465103572519734,0.000657959993236683,0.0008602980647215436
0.0,0.0004002191588004014,0.00040204182329727157,0.00040460180647750857,0.0004884416036148043,0.0004894577891193038,0.0005317325708255603,0.0005321028699661419,0.0005748295095092283,0.0005765127010072237,0.0006080855800299643,0.0006149171687871352,0.000648492636676921,0.000657065052398928,0.0006826199647788183,0.0006870213298695696,0.0008035932155605275
0.0,0.0005935019899109803,0.0007388759157145768,0.0007413453654855134,0.0007575514256940795
0.0
0.0
0.0,0.0006045942126240399,0.0006417434533488579,0.0006438599436383604,0.0007204957626071095
0.0,0.0004793271017589202,0.0005132234753943123,0.000526491661789947,0.0006290490789882103,0.0006362743692604002,0.0006513252431745343,0.0006516159018452593,0.0006614021238731594,0.0006663165061626048,0.0007038852037677073
0.0,0.0004983355931255392,0.0008057695237243512
0.0
0.0,0.0006727603019058599,0.0009331508217076845
0.0,0.0006374769350709886,0.0009629810806124813
0.0,0.0005191946719938664,0.0006358982694216766,0.0006510853475175573,0.0006821976737913702,0.000686093825492471,0.0013815324925861925
0.0,0.0005912635807555233,0.0006839546468469361,0.0006864040781617809,0.0006947711957555122,0.0007013865350734797,0.0009170221943738162
0.0
0.0,0.0004003329254525418,0.0007081023347881979
0.0,0.0004221803396761021,0.00044732824472298605,0.0004481059546461883,0.0005162931104159764,0.0005177685593094266,0.0005644779287449022,0.0005685972779232511,0.0006081275982446339,0.000611546854540127,0.0007098732727420347,0.0007099782078545941,0.0011328461222395454
0.0,0.0004870072104888035,0.0006214672738621944,0.0006231693008968979,0.0006661299194442255,0.0006708442128327423,0.0007017420070205151,0.0007043278811811224,0.0009012432044076977
0.0
0.0
0.0
0.0,0.000519678789679161,0.0005483270887100524,0.0005508361632422787,0.0006963231279974082,0.0006980650873773419,0.0007164025446589541,0.0007206834319962793,0.0007378770741672526,0.0007382515636829123,0.0007908365701895916
0.0,0.0004936261163958996,0.0007756330040017778,0.0007796419353567445,0.0008390720921898536
0.0,0.0006247361047738481,0.0006698120239166483,0.0006706049904275383,0.000726440051664209,0.000726870709230938,0.0007594910946203695
0.0
0.0,0.000556599970237245,0.0007131656526496557,0.0007193915033442946,0.0007220724953260509,0.0007241869883114637,0.0007779076242593454
0.0,0.000608999903376115,0.000642930475189082,0.0006436912981000745,0.0009165794510581713
0.0
0.0
0.0,0.0007443369942100577,0.00115101449381449
0.0
0.0
0.0
0.0
0.0
0.0
0.0,0.0006424356990857789,0.0006822213628645115,0.0006842282795157715,0.0007311616808235995,0.0007312999302549847,0.000835517981215314
0.0,0.0005075317509600683,0.0005389894504411714,0.0005461453359599424,0.0005855753737205448,0.0005936160401370636,0.0006090243593688367,0.0006148201234785797,0.0006542607679845417
0.0,0.0004900220919564361,0.0005433814121141285,0.0005460203020259158,0.0005492445760211245,0.0005497998667104425,0.0007517726853398855
0.0
0.0,0.0005214865412240303,0.0006212971928572487,0.0006223688199927423,0.0006669555269134819,0.0006675492335699994,0.0007890285359307431,0.0007895570330115868,0.0008276566576121086
0.0
0.0,0.0006811913016596732,0.0007595775413745812
0.0
0.0,0.0005470985817109959,0.0010760401772068012
0.0
0.0
0.0,0.0004899477788781519,0.0005038017593395282,0.0005253036700941698,0.000621961758171399,0.0006221005630071772,0.0006677356683247305,0.0006679303733821288,0.0008504094080225455
0.0,0.0004789840211857966,0.0004957725153972716,0.000496688270992387,0.0005505291786480809,0.0005553538171095189,0.0005970326426138625,0.0006013608509429396,0.0006151098518082582,0.0006179495687865059,0.000735048859626856,0.0007352645553996127,0.0008921516987418752
0.0
0.0,0.000501342767345633,0.0005646800137166635,0.0005744583691080134,0.0006214848611636908,0.0006226903016965362,0.0006459416303635329,0.0006548452976726172,0.001231149301882442
0.0
0.0
0.0,0.0006357369797615051,0.0006791372418592556,0.000683527683591339,0.0007052338739775106
0.0,0.0004933284070575443,0.0006171820264306123,0.0006190132693278132,0.000667092140623586,0.0006678991571533332,0.0007291342645235917
0.0,0.0006212985447098637,0.0010539930264188012
0.0,0.0006559456238413385,0.000671932987441979,0.0006735240222377324,0.0007273962743159763,0.0007279709779118309,0.0007872021232628506
0.0,0.0005421130132102099,0.0007894551047379753
0.0,0.0005987396122156918,0.0006521059035305792,0.0006525795578622441,0.000689085663576957
0.0,0.0006365185829326722,0.0009795123486102644
0.0
0.0,0.0004999762241559172,0.0005041186974068154,0.0005076216042601878,0.0007599287030909746
0.0
0.0,0.0004899944189952432,0.0008133536767236367
0.0
0.0
0.0,0.00050777119562967,0.0006755926830404764,0.0006818653215088308,0.0008716524648640403
0.0,0.0005545596888174697,0.0007263996602599595,0.0007384290945625485,0.0008041824503510613
0.0
0.0,0.000574208462024609,0.0006017499005758285,0.0006025335150929889,0.0012975988402952497
0.0
0.0
0.0
0.0,0.00045516705179613165,0.0004558151399849337,0.00046312983182396225,0.0005148277521219313,0.0005212684081160709,0.0005734084866496662,0.0005747509266768368,0.000661656166179515,0.0006663272002552223,0.0007285924888134837
0.0
0.0,0.00041906383705709644,0.0005276470086796832,0.0005302287420174427,0.0007036943941248316,0.0007058509950483138,0.0008058759324104498,0.0008065819115270762,0.00101546869964814
0.0,0.0006267664580420232,0.001181326919156504
0.0,0.0005175509207595242,0.0006150535875197902,0.0006317613521191818,0.0008135787107529327,0.0008137175100198033,0.0008342940848916189
0.0
0.0,0.0004929112945260386,0.0006330388299284509,0.0006358037950525203,0.0007119769599698125
0.0,0.0006733932678644058,0.0007384585045762098,0.0007388693343291294,0.0007488483023495889
0.0,0.0005419346351354488,0.0006156231540742959,0.0006190865561533278,0.0008094724261165034
0.0
0.0
0.0
0.0
0.0,0.0006174189490250741,0.0006291561872440557,0.0006465506557410164,0.0008082408023981603
0.0
0.0,0.00047520071613536596,0.0004980692086992703,0.0005080737965160844,0.0005795669407916975,0.0005900125741099076,0.0006019465888047484,0.0006055010090248749,0.0007111565715150038
0.0,0.0006693742647106766,0.0008369071575414318,0.0008375271518150264,0.0008561795951385351
0.0
0.0,0.00046796254130329623,0.0007103155911429625,0.0007116313482075827,0.0007811080984915448
0.0
0.0
0.0,0.0005698060434754348,0.0005713750804819615,0.0005757247622998707,0.0006085610790161209,0.0006119393836569703,0.0006571620282173639,0.0006622541882908891,0.0007385371408484661,0.0007510432506195835,0.0009357990874802703,0.0009361089875837721,0.0009584119159581282
0.0
0.0,0.0005110125237866236,0.0005553223313930195,0.0005568724558843934,0.0006581383163107536,0.0006600040080255995,0.0007770136081087458
0.0,0.0005115939586620536,0.000572280563194094,0.0005837241370183962,0.0006674013603590401,0.0006698323013341151,0.0008287663447169196
0.0
0.0
0.0,0.0005096225371779338,0.0006983616866605342
0.0
0.0
0.0
0.0
0.0,0.0006600073559052262,0.0006632420524776612
0.0
0.0
0.0
0.0,0.00048363011434301827,0.000681528956397489,0.000683708246086749,0.0007204501292738199,0.0007251388341018821,0.0008754604108369577
0.0,0.000553647130290438,0.0007345441454850591
0.0
0.0,0.00043738241580144644,0.0004444783824990658,0.0004498898115910415,0.0004745197391521089,0.00048236364564618206,0.000676294777205768,0.0006763460334389896,0.0007104147771004114
0.0,0.0006886818730674223,0.0007033590206471107
0.0,0.0006184439509686891,0.000762116178874061
0.0,0.0006469388336492992,0.0008069806763631722
0.0,0.000438192731127614,0.00044545725157569817,0.00044605293277910537,0.0007251981698476214,0.0007258709942108339,0.0008393241070715578
0.0
0.0,0.0005439073338868787,0.0008299847505500821
0.0
0.0,0.0006609728996847204,0.0007609726194201119
0.0,0.0005560171809326218,0.0006815835287506748,0.0006948627386852464,0.0007538460763143612
0.0,0.0005360179531910589,0.0006030533650143159,0.0006050058233936947,0.0006443720720237903,0.0006467376679853096,0.0006566945255166418,0.0006578547120387761,0.0007099495038991302,0.0007131781290937013,0.0009148039221388562
0.0,0.0005193349275070165,0.0006945683186423054,0.0006998561642898477,0.0007750225035714949
0.0
0.0
0.0
0.0,0.0005355446111413027,0.0005780106271682943,0.000582577887896035,0.0007126898008382717,0.0007163012642111148,0.000774541554772516
0.0
0.0
0.0
0.0
0.0,0.0004496526998578812,0.000648502458166542,0.0006535009345068495,0.0006793595424074119,0.0006847269504862658,0.0007708399398023639
0.0,0.0006273293289752406,0.0006880868710097541,0.000691424080270886,0.0007449963518749451
0.0,0.0006072601407787684,0.0006519061047909626,0.0006697437135250532,0.000786862629815975
0.0,0.0006126391821339212,0.0007596744887412634
0.0
0.0
0.0
0.0
0.0,0.0005877768764741471,0.0008292800281539432
0.0,0.0006160438234140295,0.0007213434476641709,0.0007224918665737994,0.0010138731768055843
0.0,0.0006825078479656251,0.0007181752610597338,0.0007184935608099297,0.0007196556018958956,0.00072317555713332,0.0007275612257208432,0.0007322626730012854,0.000862694185272221
0.0,0.00043780805795077247,0.0004555429468725853,0.00045880825912286905,0.0004769072396581362,0.00048654637318837433,0.0005056333229202359,0.0005093981336256097,0.0007454049766961685
0.0
0.0
0.0,0.0005865198966351763,0.0006037442733959561,0.0006042351294593077,0.000652863323592832,0.0006566948388624233,0.0007343266817180906
0.0,0.0006863529829535385,0.0008936084363868109
0.0
0.0,0.0005941974747447636,0.0006579447021696246,0.0006627186753868472,0.0006940822867897155,0.0007034609009473054,0.0008247982617606791
0.0
0.0
0.0,0.0005781642416495222,0.0006818252911932696,0.0006826545548448256,0.0007691723457893482,0.0007695758586199247,0.0008012508259789534
0.0
0.0
0.0
0.0,0.0006828208425481778,0.0008513761801697904
0.0,0.0004929213165235085,0.0006770192929993838
0.0,0.00048366291753771144,0.0008032452496687928,0.0008059256909811802,0.0008077690136805916
0.0,0.0005106505466082142,0.0005766702944456833,0.0005837566879878767,0.0006116177029694383,0.0006123002742563732,0.0006145529333859724,0.0006156894145024739,0.000698174842288879,0.0007128724602879407,0.0008400570383243275,0.0008407451903398687,0.0008648356476640268
0.0,0.0006097168724806635,0.0007242386048790832,0.0007312215851518285,0.0010451373313345406
0.0,0.0005752466958469334,0.000790358763538345
0.0,0.0004948256370282068,0.0008565762617467065
0.0
0.0
0.0,0.00041835331101755096,0.0005812951410696396,0.0005864684267729407,0.0006621462515792854,0.0006712543516900387,0.0006927807626929784
0.0,0.0004664365154497832,0.00047477744817155495,0.0004755841362450994,0.0005741471125843783,0.0005816845615086864,0.0007205530655730706,0.0007226159148675837,0.0008375835738929721
0.0,0.0006331277510011102,0.0007263232705967812
0.0
0.0,0.0005920813251621122,0.0006605256698602893,0.0006626306358848289,0.0007684144561040452,0.0007758940657403849,0.0008205465735248506
0.0,0.000587475776407921,0.0006584983035116019,0.0006623410822825478,0.0006782729435067125,0.0006924886708164122,0.0008329845028318622
0.0,0.0007227097683330102,0.0007747212723751663
0.0
0.0
0.0
0.0
0.0
0.0
0.0,0.0006108441722820952,0.000714493434724269,0.000717271106726864,0.0009198065393734953
0.0
0.0
0.0
0.0
0.0,0.0006892496658041472,0.0007215017292769526,0.0007238625403186971,0.0007665827691486658,0.0007667310544420737,0.0008677490257607967
0.0
0.0
0.0
0.0,0.0004689914431236876,0.0004700288989577472,0.0004723305593087526,0.0008368917833246839,0.0008370438955677511,0.001098822948381045
0.0
0.0
0.0
0.0,0.00047641610555715114,0.0005892190197213185,0.0005942122521497013,0.0007211000013627845
0.0
0.0,0.0006394016862477166,0.0006596659591169507,0.0006598614344776012,0.0007577501233269725,0.0007580758660593396,0.0007728027416171781
0.0,0.00047341966813543466,0.0006095584705798474,0.0006104315660164638,0.0007862552994618153
0.0,0.0006641203101951129,0.0007081259018784394,0.0007087690133630676,0.000919748068873024
0.0
0.0,0.0006725290850906205,0.0007121249264639101,0.0007138030727815111,0.0010849541915932915
0.0
0.0,0.0007014151528326049,0.0011339892280064973
0.0,0.0007143387877394991,0.0008931561066204745
0.0
0.0
0.0,0.0005044023311033192,0.0006255823470853254,0.0006283169158734104,0.0007507955434387551,0.0007529225625170631,0.0007570732945260857,0.0007641060920318028,0.0007844048763351691
0.0
0.0,0.0004877402123531353,0.0005410446326397133,0.0005450032827683964,0.0005654294830758803,0.0005677544462219705,0.0007541539419809631,0.0007643256372912179,0.0010160932640959268
0.0
0.0
0.0,0.00045167960849333,0.0006658983982691622,0.0006688401477265787,0.000692640430048998,0.0006935926025023392,0.0007399696580360892,0.000740244515886549,0.0007563390278078159,0.0007565185116995834,0.000857077314059357
0.0,0.0005101326576466013,0.0006331976183138518,0.0006355318504673415,0.000727430418323696
0.0,0.0005220053123730893,0.0007733197451774512
0.0
0.0
0.0
0.0
0.0
0.0
0.0,0.0005284892367957685,0.0005487800198718231,0.0005544065851439947,0.0005791828702532374,0.0005813931513019948,0.0007667919207040128,0.0007760054617179086,0.000800395380675885,0.0008018190667491311,0.0008771058741649611
0.0
0.0,0.0005377631099856892,0.0008992656290785869
0.0,0.0004224299894698069,0.00048183289976125624,0.0004832417805103683,0.0005672836265533956,0.0005760464052427944,0.0006277888288229202,0.0006292999085471119,0.0008214590860058059
0.0,0.0005211613090793018,0.0006514072484967496,0.0006600535554083134,0.000707955798742137
0.0,0.0007550151824694119,0.0008694538133095989
0.0,0.0005051243656792221,0.0005551121632537163,0.0005656004564908929,0.0008145975399372455,0.000816426755463298,0.0009149467503626332
0.0,0.000563474416534237,0.0008121904439570494
0.0
0.0
0.0
0.0
0.0,0.0005247120322470995,0.00070311951116582,0.0007044052062070428,0.0009935027063511113
0.0
0.0,0.0005705110053349155,0.0006390156137104436
0.0
0.0
0.0
0.0,0.0006870546461049705,0.0007951503355052684,0.000803072074554864,0.0008739750671286193
0.0,0.0005205937733938967,0.0006196622396967689,0.0006302863982693245,0.0006622549575125438,0.0006648522736599722,0.0008536077694074214
0.0
0.0
0.0
0.0,0.0006474160021741824,0.000684585402925171
0.0,0.0006428809656217806,0.0006977920471175339,0.0006990325493295209,0.0007365668794654319,0.0007421876296415276,0.0008092753025653145
0.0,0.0004870357035567333,0.0006175356874336414,0.0006385966800639736,0.0007000622049122515,0.0007001187084532391,0.0007490365627437331,0.0007513397920726315,0.0011197468691323135
0.0,0.00070282000444876,0.0007704901059167313
0.0
0.0
0.0,0.000547080643751633,0.0006166726656797996,0.0006179121429821977,0.0006390951368852046,0.000639689724342552,0.000641250065690333,0.000643413754987322,0.000763236039434842
0.0
0.0
0.0,0.0004609925867724987,0.0005997644086496369,0.0006019551538345268,0.0006501157615614848,0.0006512013187569569,0.0009218499361990303
0.0
0.0,0.00047927726742243675,0.0006538473793900613,0.0006549734271294232,0.0006914034340816799,0.0006955502706091254,0.0008043804340248184
0.0,0.0005865837210463914,0.001116633503611566
0.0
0.0,0.0004984573703732067,0.0007518111473092524
0.0
0.0,0.0005211024351638146,0.0008263306975164258
0.0
0.0,0.0005004276599306301,0.0005816540905983227,0.000589596966675271,0.0005956758196497742,0.0005975484899444983,0.0006396392476598167,0.0006397041711322775,0.0007035704870323892,0.0007064305429368642,0.0007181802472786716,0.0007185447985038699,0.0007255741278400249,0.000728048448484098,0.0007490698452406281
0.0,0.0005048038000085046,0.0006163106022877519,0.0006302304711244619,0.0006762772906560607,0.0006867793077052009,0.0008100620990662926,0.0008105201374727157,0.0008170813828780936
0.0,0.0005874419654298616,0.000884105408543663
0.0
0.0,0.0005439199875524832,0.0005819521123767323,0.0005830757696753506,0.0005938965909732215,0.0006062900524181435,0.0006762690589956611,0.0006773940287078477,0.0006960893288338564,0.0006966640494119887,0.0009399977596623681
0.0,0.0005182062132113407,0.0005631897476503777,0.0005763203686756675,0.0007563704567890546
0.0,0.0006031276978495574,0.0006182474872320569,0.0006229649085816,0.0009062023924184634
0.0,0.0004808087862325717,0.0007250689366756595,0.000726046578605771,0.0008032176703036682
0.0,0.000620039418027823,0.0008999335917384881,0.0009000246145036527,0.000928854504342301
0.0
0.0,0.0005272861000557241,0.0005314567909230429,0.0005314847177288098,0.0006870461539678894,0.0006878647701316788,0.0010688468142100022
0.0,0.00043230269575791127,0.000496452261947492,0.0005027721934807877,0.0007936725323215986
0.0,0.0007408369027294183,0.0007640776181916486,0.0007645662928691474,0.000772219124845942
0.0,0.0005747016382822488,0.0006320164038477948,0.0006373844826392829,0.0007096385984018365,0.000712032917665363,0.0008006837168022885
0.0
0.0,0.0006978862173186174,0.000915149001672744
0.0
0.0
0.0
0.0,0.0006443098473645731,0.0007457615230021189
0.0,0.0004413913556178725,0.0005598885237892469,0.0005669445289407347,0.0006676256096024114,0.0006697635240376748,0.0007256047027557077,0.0007269557418470724,0.0008364133680943179
0.0,0.0005235261060073264,0.0006563482016339841,0.0006634231704913298,0.0010043224893334802
0.0
0.0,0.0004918317795614424,0.000566297540142313,0.0005696498761623037,0.0007573536226365618,0.0007573584119342878,0.0009770215947201867
0.0
0.0,0.000717108345850473,0.0007834198043107927
0.0,0.0004952913200787159,0.0005213856301837362,0.0005257510610492082,0.0008526346232776563
0.0
0.0
0.0
0.0
0.0,0.0005338164676310621,0.0006203436315121555,0.0006228854171900863,0.0006662031248636007,0.0006872973847728518,0.0010548099080285316
0.0,0.0004451065034049093,0.0005864820174662787,0.0005972625904562599,0.0006199884785037947,0.0006256175973531002,0.0007380045552939177
0.0,0.0004679901166508395,0.0010814571666697655
0.0,0.0005225161930865186,0.0006868676184776983,0.0006874494874467944,0.0007785764829359804
0.0,0.00044436432918827895,0.0004883964990957628,0.0004885239899923432,0.0007441912315042747,0.0007481106176852009,0.0009473783663716224
0.0
0.0,0.0006243062100961868,0.00063787217221867,0.0006477949525817772,0.0006768008968419008,0.0006769387627276354,0.0008442399198606233
0.0,0.0005694762075175183,0.0006780814927643237,0.0006993967959656534,0.0008823806013443634
0.0,0.0004615376859960618,0.00048501173934735855,0.0004998337262082355,0.0005240391148457295,0.0005284567760554607,0.0005832432350748358,0.0005863105944579202,0.0009413195498842466
0.0,0.0005027448439434816,0.0005413725111347877,0.0005415858587394984,0.0009247073147004496
0.0,0.0005285808037641973,0.0006036655717978896,0.0006057330712987234,0.0006062470276773251,0.0006190168227176564,0.0007268082626356295
0.0,0.000440813596794143,0.00046093713695175405,0.00046142680780281007,0.00054578773557107,0.0005505738927083703,0.0005719215509115811,0.0005740723903791032,0.0005953346081095707,0.0005993037503678844,0.0007200944001780297,0.0007232177550475736,0.0008074636548145448
0.0,0.000413431918310919,0.0004925125075278018,0.0005007713972342986,0.0006624617347492963,0.0006649703367575483,0.00079311466772885
0.0,0.000576592955836487,0.0008071862226362412
0.0
0.0,0.0004672527565975601,0.0005114995446824316,0.0005137924553300632,0.0005268946441623578,0.000538570428039552,0.000654000883318119,0.000654929383185369,0.0009881157596173396
0.0,0.0006077239054380757,0.0006445528513906486,0.0006539315802379428,0.0008371616949094142
0.0,0.0005118985401598674,0.0005698371359319713,0.0005726186762848324,0.000663428290879971,0.0006748092560114835,0.000713155735545658,0.000713669197550926,0.0007833224223002787
0.0
0.0
0.0,0.0005651019176354081,0.0005837585939186959,0.0005844807827940888,0.0007687935087110633
0.0,0.0005368724669258955,0.0005723730769298703,0.0005751305907435544,0.0008658700562541628
0.0
0.0
0.0,0.00046896866773024404,0.0005602942234743301,0.0005609570822236385,0.0006122852546306546,0.0006136802845655589,0.0006174691834511807,0.0006296618078780013,0.0006803071248926986,0.0006827448636653353,0.0007839992991385696
0.0,0.0004832284410224953,0.0005428494798763952,0.000546698958055897,0.000778880002565205,0.0007798510386384153,0.000808107586428037
0.0,0.0005955299535097057,0.0006048768887275066,0.0006074185800258312,0.0008687716999468842
0.0
0.0,0.0005187095944302753,0.0006772763250758601,0.0006774091637014236,0.0007784094071858825,0.0007789780918741748,0.0008737362854604105
0.0,0.0003875867435177192,0.0007919446721001886
0.0
0.0
0.0
0.0
0.0
0.0
0.0
0.0,0.0004855432774753916,0.0005166979443692728,0.0005241952896163585,0.0006857066021226602,0.0006871379820277591,0.0007584732176718916
0.0,0.0006514424887883956,0.0007958585214005473
0.0,0.00048297685689250425,0.0007386861656816735,0.0007400187411981588,0.0015162228264637915
0.0
0.0,0.0006036191033588579,0.0006846606400258175,0.0007086724877643949,0.0008845788440267225
0.0,0.0006167281262801557,0.0008127163207797759
0.0,0.0005736775960752777,0.000757971588916371,0.0007675607745632708,0.0007840868304499879
0.0
0.0,0.00046864805804670617,0.0006164213823193164,0.0006196036101648868,0.0006456632894894499,0.0006464516197734653,0.0007488556319042955,0.0007512564359261104,0.0008251387943306018
0.0
0.0
0.0
0.0,0.0004836898139162134,0.0006015200612468695,0.0006026986623254668,0.0006087413262655829,0.0006169755208544524,0.0007717397887732663
0.0,0.0005629680561290595,0.0005902912622919828,0.0005969570766958906,0.0006127257232365596,0.0006165458135761637,0.0007482582440356356
0.0
0.0
0.0,0.0005559466486364823,0.0005896936882513976,0.0005904060693404507,0.0008470330250275299
0.0
0.0,0.0004508270011737474,0.0004843869417204147,0.0004923014178656208,0.0006770929150762049,0.0006784543945723229,0.0006857308649862576,0.0006941221393881,0.0007132245606287645
0.0,0.0004459417423541427,0.0005858056249488958,0.0005881406191487765,0.000686031452283,0.0006876483235532197,0.0008740051809632506
0.0,0.0005843982768991217,0.0006171778305205211,0.0006175980311593326,0.0006188944510876132,0.0006270993234086942,0.00064583442804471,0.0006489670561824686,0.0006740744572841104,0.0006762274052140562,0.0007026154152310551
0.0
0.0
0.0,0.00048761396148740653,0.0005507963943574153,0.0005520853895142818,0.0007068639840488016,0.0007084866826638997,0.000722571155401238,0.00073148039194048,0.0009499919271739609
0.0,0.0004735544257200089,0.000560409315655629,0.0005623823936729153,0.0006605155024483717,0.0006636973590649584,0.0008074143591433239
0.0
0.0,0.0004681382882560598,0.0007293198489057183,0.0007353537119397934,0.0007890259568569157,0.0007907427543332404,0.0010450230848238437
0.0
0.0
0.0,0.0004399632437288996,0.0004533023214555887,0.0004585548431124587,0.0005338146652697688,0.00053861562236892,0.0005958391831478463,0.0005974130194183326,0.0007324065926013778,0.0007362818245144424,0.0009257847585577942
0.0,0.0005720833018850875,0.0010164432920814737
0.0
0.0,0.0005092729947659889,0.0006335747159116042,0.0006404567986045621,0.0010830738694491667
0.0
0.0
0.0,0.0006127155655119809,0.0008693757617975822
0.0
0.0
0.0,0.0005337892471250533,0.0005447808221712074,0.0005585879484746863,0.0005973651482350903,0.0005981930421272006,0.0009716377547635863
0.0,0.0006443438442399388,0.0007131213483782652,0.0007135773551536543,0.0007151954664402234,0.0007204342767653866,0.0007560489965905773
0.0
0.0,0.000581501624507327,0.000589010178509606,0.0006004325295425252,0.0006054471440854047,0.0006106403307650798,0.0006412782545479822,0.0006432845675845466,0.0006718236458369013,0.0006749682862603694,0.0010219823028178028
0.0,0.0005814107208599318,0.0006504704414013266,0.0006536912791255039,0.0006834838647459728
0.0
0.0
0.0,0.00046893284331367765,0.0008509687287282106
0.0,0.0004580944526658539,0.0007996047071786104
0.0,0.0005235060274904769,0.0005380015126975233,0.0005405697041117824,0.0007184886187531923
0.0,0.0006142256090462471,0.0006627054936025356,0.0006810938615272745,0.0008127093970969329
0.0,0.0006362885436125138,0.0007281982555814832,0.0007323763757624556,0.0008056975925128943
0.0,0.000591534096517307,0.0006136670847206126,0.0006227805602499292,0.000649614582536065,0.0006496149288754636,0.0008123518502536008,0.0008123582160973339,0.0009157176085750461
0.0,0.000487542789711981,0.0007001517085068856,0.0007125100899366913,0.0009040136863397043
0.0
0.0
0.0
0.0
0.0
0.0
0.0
0.0
0.0
0.0
0.0
0.0
0.0
0.0
0.0
0.0
0.0
0.0
0.0,0.0005334465604072664,0.0006839162761829876,0.0006876857035681319,0.0008591557196948996
0.0,0.0004952695077749704,0.0005706923691647168,0.000576658353500232,0.0006272612659442336,0.00062805398417729,0.0007860331721695106
0.0,0.0007575730769234022,0.0008352791699591835
0.0
0.0,0.0007022477274471616,0.0009592774901707197
0.0,0.0006608639767439985,0.0007167271222779688
0.0,0.0006367397018504799,0.0009121094520546351
0.0
0.0,0.0005133287066037776,0.000542347865459968,0.0005448007121320263,0.0006231657169496322,0.0006357290416082471,0.0006564459196450267,0.0006579676665394251,0.0007477340435026037
0.0
0.0
0.0,0.0005649206728111415,0.0006017907617705676,0.0006042126237283499,0.0007236433625269738,0.0007257268189858839,0.0008418123508052166
0.0,0.0005341403889906762,0.0006855250017238887
0.0
0.0,0.0005324210090841836,0.0008939695063307936
0.0,0.00041599890858420434,0.00043244334142319583,0.0004331940840146117,0.0004924035977286022,0.0004935038356594242,0.0004946383606749857,0.0004997931352760206,0.0005632370490950096,0.0005701676937848555,0.000678836132331477,0.0006789257511378974,0.0006880076650520611,0.0007604696018186102,0.0007712098015689985
0.0,0.0005390082737431357,0.0005390172472778344,0.0005506553912749573,0.0006102732534314882,0.0006137705594398046,0.0006154981889143741,0.0006164836061695203,0.0008471846372378025,0.0008501195174541352,0.0010757520685034507
0.0,0.0005632875634321083,0.0007182110102003567,0.000719052083983293,0.00098129563302224
0.0
0.0
0.0,0.0005966389042268003,0.0007165859629261624,0.0007404952073472047,0.0007698822006587704
0.0
0.0
0.0
0.0
0.0,0.000456802022030618,0.0005588577015710445,0.0005612438157732711,0.0006206280324302231,0.0006286194746796379,0.0006291733334365458,0.0006348998770646783,0.0007071916465836697,0.0007130868376837449,0.0007574425461556334,0.0007617400629259392,0.0008714811708355716
0.0,0.0005956870920220667,0.0006770069009698055,0.0006845793100193054,0.0010573964897307524
0.0
0.0,0.0006704009693721965,0.0006761424534233271,0.000679290299948452,0.0010202913052679728
0.0
0.0
0.0
0.0
0.0,0.0007412705915602731,0.0008447230246838521
0.0,0.0004945784151647396,0.0005286709133158741,0.0005319392506522632,0.0008926804393698912
0.0,0.00048459316821048397,0.0006930088546898008
0.0
0.0
0.0
0.0
0.0
0.0,0.0006231986720869108,0.0006374677605555537,0.0006434033432387731,0.0006647108583844319,0.0006647851366356598,0.0006984999594945415,0.0007035688049403055,0.0008276079083602436
0.0
0.0,0.0005675807578195669,0.0008969033240257916
0.0,0.0004936357760193731,0.0008769061738425576
0.0,0.0005508373957363862,0.0007581623721917538
0.0,0.0005137298677912214,0.0005770293142346001,0.000583093558743074,0.0005911484143244647,0.0005912562958849138,0.0011566147371459027
0.0
0.0,0.0007141480635875373,0.000823626859385104
0.0
0.0
0.0,0.0005081054653566287,0.0008435212686742149
0.0
0.0,0.0006997776892498102,0.0009294593517265633
0.0
0.0,0.0005734858672218008,0.000756506700247617,0.0007596344925076044,0.0007714157805061802
0.0,0.0005020167173523869,0.0005536142501272494,0.0005579147242783456,0.000572119996100624,0.0005741428527201749,0.0010251104858680937
0.0
0.0,0.000638117342629773,0.0009142715235556716
0.0
0.0,0.0007165476425517288,0.0007464958161422431,0.0007562806691195263,0.0007724123793730721
0.0
0.0,0.0005084443885095482,0.0005250515483703584,0.0005340914932296076,0.000538609310952966,0.0005393584561553599,0.0005789923615729529,0.0005845294649050371,0.0006161119363347021,0.0006200998187497308,0.0008324141148346278,0.0008325640434913204,0.0010189112089508138
0.0
0.0,0.0006529152487469334,0.0007625408058343723,0.0007631986089957438,0.0009402662534298274
0.0
0.0,0.000544013117626793,0.0008903382833030166
0.0,0.0006641163040040487,0.000809571216556387
0.0
0.0
0.0,0.0005938555428671537,0.0009254467690242701
0.0,0.000551624637032619,0.0006996221547153689
0.0,0.0005436552265534095,0.0005927544053152801,0.0005948180211940635,0.0007195228305390019,0.0007243284490033408,0.0008269535951143602
0.0,0.0005525864249465921,0.0006262989677119133,0.000635934760061373,0.001139398210214834
0.0
0.0
0.0
0.0
0.0,0.000468611675076461,0.0004898249174611735,0.0004902110354446009,0.0005644244708822046,0.0005646587382014594,0.0007209935805681342,0.0007217014813628688,0.0008218936958034356,0.0008221804592422759,0.0010841476594003032
0.0
0.0,0.00044544512207387443,0.00048406951380652305,0.0004913092347073005,0.0007523158578620781
0.0,0.0004457511570410847,0.0005255016931112642,0.0005262823235214399,0.0006196075174839004,0.0006209776180587271,0.0007672834786429575,0.0007692903631200604,0.000891545072335615
0.0
0.0
0.0
0.0,0.00045293814826750055,0.0005415915313647636,0.0005514911682039602,0.0005977165884049602,0.0005979473097609895,0.0007151733401375111,0.0007157296604445375,0.0008267250082339474
0.0,0.0005753905666105943,0.0005889953366758641,0.0005890087420324798,0.0005992000742654985,0.0005992430912477737,0.0006586372110829992,0.0006586704837063791,0.0006970877940956834,0.0006973405933341512,0.0007533885098025705
0.0,0.0004859638550493976,0.0005689010896152733,0.0005740901621144549,0.0007186386825131382,0.0007218093580145262,0.0009497644521132777
0.0,0.0005629540272216185,0.0009316136548276339
0.0
0.0
0.0,0.0005340239167748665,0.0007893191474121612,0.0007910486765296221,0.0009088184898622465
0.0,0.00042759388674700865,0.0005747066023414983,0.0005796177629104517,0.0008701708731456146
0.0,0.0006013568233354557,0.0006328175307284702,0.0006341543421490293,0.0006994015056488188,0.0007132588406336023,0.0008441013204427903
0.0
0.0,0.00045363761321049834,0.0004991229675024063,0.0005058063923943915,0.000746618784882106
0.0,0.00048166968906594016,0.0008094236886136803
0.0
0.0
0.0
0.0,0.0004860649556489496,0.0005163984702598256,0.0005219744475470103,0.0005293744067181396,0.0005480827496294493,0.0007506221593125746
0.0
0.0,0.000695716640790119,0.0009081630436235105
0.0,0.0004036418094183679,0.0006107029616187352,0.0006200924639442223,0.0007423475896256469,0.0007427401147870281,0.0008544313198411801
0.0,0.0006232023234474044,0.0010225485313171258
0.0,0.0004830977120520416,0.0006138604999520511,0.0006200454442126032,0.0011974585375034053
0.0,0.0006378866972512964,0.0007033383328968617,0.0007144758578741369,0.0009192558866355454,0.0009224690908608978,0.001264401594545142
0.0,0.0006476362053802018,0.0006720404981843206,0.0006802631108626868,0.0006912455633788692,0.0006943385116488449,0.0014733489631654582
0.0,0.0005529877904989994,0.0005875482591896859,0.000594596429292306,0.0007771144249006718,0.0007926353546282306,0.0008154698624859143
0.0
0.0
0.0
0.0
0.0
0.0
0.0
0.0
0.0
0.0
0.0
0.0,0.0005981873419176795,0.0006821143370994484,0.0006890209136972039,0.0007330173164023092,0.0007347838657620526,0.0007422534428314578,0.0007437612195409819,0.0009896859753189284
0.0,0.0005463744832435606,0.0008993035233627074
0.0,0.0005551436800569566,0.0006457873885833052,0.0006457874123822171,0.0006804111262053298,0.0006811480289727636,0.0007128775591621429,0.0007340342002343179,0.0007545769627385248
0.0,0.0005230882616471376,0.0007665772196001702,0.0007751161859258205,0.0007917668562658697,0.000799107646852221,0.00082742458708009
0.0
0.0
0.0,0.000505754060988418,0.000554492186702982,0.0005548087568057444,0.0006206686811025204,0.0006209616834502861,0.0006490120549730614,0.0006513582289606023,0.0007068015393282867,0.0007086600679434459,0.0008115410003136032
0.0
0.0
0.0,0.0005390850747068931,0.0007958591178787344,0.0007976287982630211,0.0008115572654185393
0.0
0.0
0.0,0.0003727825947952801,0.0003804137093040215,0.0003806605126178489,0.00047324878259512554,0.0004770628992670704,0.00054853872627548,0.0005598296402714314,0.0006146352891108493,0.0006269861504109018,0.000766789405689404
0.0,0.00043501150006156834,0.000731698094798058,0.0007327027292344542,0.0007984285838312866
0.0
0.0
0.0,0.0005589108924018521,0.0006493964656640177,0.0006544975404513924,0.0008096005407958119
0.0,0.0007208194639623605,0.000985943939157584
0.0,0.0006266327499435383,0.0006273084946636504,0.0006281158086782242,0.0006339912220701887,0.0006345269888908114,0.0008336373242043705
0.0
0.0,0.0005399116415424036,0.0007262305358215317
0.0
0.0,0.0005622502822244735,0.0006466650995589399,0.0006518612912002047,0.0007457606380998132
0.0,0.000448035279338124,0.0005395021764951328,0.0005495787005214699,0.0008498682817967504
0.0,0.0005575269082487544,0.0006017846301591633,0.0006041791358388683,0.0006840549730371453,0.0006863828667850524,0.0007921898538181634
0.0,0.00047507564000216345,0.000499092650898639,0.0005028806787043047,0.0005212088141600205,0.0005233979316063998,0.0008341900516806581
0.0
0.0,0.0005968004735039786,0.0006857608269701404,0.0006857767469848984,0.000891764856172761
0.0
0.0,0.0004652018560096173,0.0005097741000756693,0.000510265454501859,0.001605015726594539
0.0
0.0
0.0,0.0004822439468001319,0.000724391351743241,0.0007246694741637106,0.0007910370851613388
0.0
0.0,0.000594922866906209,0.0006345373225456334,0.0006365027213210996,0.0009017096597064103
0.0
0.0,0.000566206562604293,0.0006573079018180647,0.0006599088876313224,0.0006781453769499083
0.0,0.0005845019057724418,0.0006305891077113666,0.0006423236789740177,0.0006874115538906552,0.0006906375575914281,0.0008384106909685127
0.0,0.00038508314570577973,0.0004374867756330613,0.0004383583268658937,0.0005824380272970446,0.0005826444712621586,0.0005900538220374492,0.0005901886060997768,0.0009597738094892796
0.0
0.0,0.0005725620278416608,0.0006118814016715261,0.000612327966664864,0.0008423436279285436
0.0
0.0
0.0,0.0006448729014015782,0.0006534198974373443,0.000658154077995327,0.0010361429988127683
0.0,0.00042450393024976113,0.0006051704533337215,0.0006058235565978469,0.0008700130281320515
0.0,0.000684284684664111,0.0010412015635466224
0.0,0.0006226039526673073,0.0007030077245272441,0.0007120583147295781,0.0008876459154402622
0.0,0.0006082470759392056,0.0009642095864112534
0.0,0.0006592261023669571,0.0007592315316161796
0.0,0.0005579933631701202,0.0006086103606337261,0.0006097390491080673,0.0007015518498930348,0.0007033539424528083,0.0007767182370574171,0.0007770445652382561,0.0008099217671451966
0.0
0.0,0.0005925082101891884,0.000650068772107181
0.0,0.0005864340909067819,0.0005993743859731245,0.0006052005030383754,0.0007357399122553478
0.0,0.0006639662123083126,0.000665181382696052,0.0006670345260151084,0.0009989108945028238
0.0
0.0,0.0006541231448315655,0.0007515658637771639
0.0,0.0005443319734841567,0.0006148970941698767,0.0006179817821223276,0.0006363905776727002,0.0006470607271973971,0.00067538256252819
0.0
0.0,0.0005102744105599717,0.0006807520169760327,0.0006832690950620571,0.0006846877377727128,0.0006856065783556633,0.0006861868224116354
0.0,0.00048617461822203164,0.0005088031026858298,0.0005118815549416208,0.0005570656223710925,0.0005586452175774134,0.0005906912357570866,0.0005920129243151346,0.000595678670463956,0.0005999956112701079,0.0006336224654463171,0.0006359045116652805,0.00075872863676577
0.0,0.0005888235935877425,0.0006550346694079587,0.000658384486307133,0.0008618844039029461
0.0
0.0,0.0005040256291348882,0.0005292977152441585,0.0005316231550166106,0.0005550417957486171,0.000558442376621211,0.0005780495407430868,0.0005796889044560552,0.0007241053553817132,0.0007243679325433073,0.000725646037567526
0.0
0.0
0.0,0.0006886809063127735,0.0007799766742748736
0.0
0.0,0.0005496699333688588,0.0005787738588252164,0.000579307105999938,0.0006516423435302079,0.0006518999950326112,0.0010124794199901715
0.0,0.0004425524620224023,0.0005887737658882009,0.0005931939523920569,0.0006515100019434246,0.0006516888279577286,0.000694004013638451
0.0
0.0
0.0,0.00044985982384307947,0.00045975908637229784,0.0004649387028128351,0.0005862126380284844,0.000588008695874907,0.0007726706180836227,0.0007727359139117431,0.0007954732890678705,0.0007972550457656066,0.0008447648583148821
0.0,0.0005023102607470885,0.0005114253935957266,0.0005201530047114359,0.0009497235203558671
0.0,0.00041270929207257005,0.0005348401904108776,0.000538550554050755,0.0005530438940466716,0.000555102817637867,0.0012166117804074848
0.0
0.0
0.0
0.0,0.00048742480371611084,0.0005281271665845354,0.000528276108998534,0.0006349712781855205,0.0006431566810744545,0.0007827386889435373
0.0,0.00044828408269356014,0.0008782413782336946
0.0,0.0005372353086446125,0.0007039570279339158,0.0007058229559080405,0.0008166086147922873
0.0,0.0006021842219611035,0.0006782563373063401
0.0,0.0005640091513680601,0.0007840763009905066
0.0
0.0
0.0
0.0
0.0,0.0005516573504121695,0.0007354776098339167
0.0,0.0006832830869387935,0.0009161036391184325
0.0,0.000408246429356196,0.0004806339858824113,0.0004837030654325632,0.0007044056630406903,0.0007107084311367936,0.0007566796645108237,0.0007587378348619226,0.0008249972667328633
0.0
0.0,0.0006097912739374189,0.000757413674371342
0.0,0.0006319941191221005,0.0006612853808290449,0.0006707877091054672,0.0008046550301614739
0.0,0.0006399249547997013,0.0006532429036331952,0.0006573637884318416,0.0007430236188782735,0.0007506130523300765,0.000808647630128272
0.0,0.0006877078305636793,0.001215091715077628
0.0
0.0
0.0
0.0
0.0
0.0
0.0
0.0,0.0005142945665942459,0.000536476780528167,0.0005379112819030103,0.0005931965487694002,0.0005938926405606293,0.0006697975576819244,0.0006711243677350089,0.0006787221286455584,0.0006795251258415224,0.0007198472892890293,0.0007273054267233077,0.000785008475930074
0.0
0.0,0.0006317319117654151,0.0006874024244417946,0.0006933081878993853,0.0006940762529533503
0.0
0.0,0.0006124685387040237,0.0006702807342600333,0.0006737408251125954,0.000746350659828997,0.0007603388312367575,0.0007642956836438266,0.000778637725249756,0.0009594503867390085
0.0,0.0004779291766112024,0.0005200705336511198,0.0005230307992542047,0.0005674390264737968,0.0005702682480342935,0.0006161230939178322,0.0006201007801690501,0.0006380003853983994,0.0006411624340630425,0.000742621772170238,0.000747281663144792,0.0007919054995567575
0.0
0.0
0.0,0.0005273961879861015,0.0005823974802909323,0.0005851396360569386,0.0007739533013590232
0.0
0.0,0.0005501471856406027,0.0006658825730453467,0.0006667923338583017,0.0006764246873200527,0.0007171102255747655,0.000879864427400354
0.0
0.0
0.0,0.0006145685500709417,0.0006963336757535253,0.0006995336318746676,0.0007835294708132988
0.0,0.0005506180876469215,0.0006269222241733126,0.000627394200909556,0.0006803143735896104,0.000685176418116593,0.0008324232307593333,0.0008462765844406878,0.0009582945020309561
0.0
0.0,0.0004765883230580888,0.0005714521746434795,0.0005797052064522583,0.0006459259105907429,0.0006479963593088259,0.0006961808771769136,0.0007024138356731787,0.0007521239011524147,0.0007657951533087718,0.001011845015828873
0.0
0.0,0.0006790408280963566,0.0006963539126283101,0.0006995027107129606,0.000716159083564433
0.0,0.0005470244587757696,0.0006848933944466503,0.0006850755200433425,0.0007167522027429955
0.0,0.0005979885059973179,0.0006249545201982195,0.0006317618993051179,0.0009375523692909576
0.0
0.0
0.0,0.0005165697917524103,0.0006147427638620534,0.0006167018157165932,0.0007348962525341772,0.000743668913593814,0.0007793322412104503
0.0,0.0004353712421282789,0.000522877643531589,0.0005272887163253534,0.0005296787631107322,0.0005313956153888917,0.0008596015227782659
0.0,0.0006481361565926117,0.0006644689917901774,0.0006733042487807189,0.0007640859285205603
0.0,0.0005307005851828704,0.0005819577691150743,0.0005862651062602494,0.0007170326343344232
0.0
0.0,0.0006346293615446852,0.0009501168945762751
0.0
0.0,0.0006339899019291534,0.0009244168604036906
0.0
0.0
0.0
0.0
0.0,0.0005232892388318837,0.0005585505983177001,0.0005593873253300289,0.0006506035764701164,0.0006516806118615816,0.0008529508381914367
0.0,0.0006438590758781568,0.000755988414422096
0.0,0.0004535479126892626,0.0005605962618387682,0.0005626472981474408,0.000823835034001547
0.0,0.0005117413097436405,0.0007262878722589356,0.0007296074624955072,0.0007374212131888674,0.0007380267801910499,0.0007643357878202214,0.0007675125354772778,0.0007925969304092925
0.0,0.0006283223711003199,0.0007154160158363876
0.0,0.0004975775653995781,0.0006166133979506896,0.0006233620441691888,0.0006600389250137769,0.0006644127639326808,0.0006832572694308024,0.000713689695930083,0.0007538335129655112,0.0007554978213956026,0.0009169249438938762
0.0,0.0006580713048438009,0.000782413209868265
0.0
0.0,0.0005083994325773842,0.000584812701709541,0.000586945372193195,0.0009490141750246493
0.0
0.0
0.0,0.0006064905236089155,0.001067087773289055
0.0,0.0005858952607236033,0.000628498746562028,0.0006299322944493164,0.0008451999545426581
0.0,0.0004394581607046757,0.0006459228071294512,0.0006503067740646711,0.000749245534006772
0.0,0.000626850847533025,0.0006568409315393378,0.0006648261856407276,0.0006812584250723013,0.0006825104744468069,0.0006930180156541052,0.0006993647491928893,0.0007561935902406049,0.0007621041362438672,0.000852749160267567
0.0,0.0004914536714533637,0.0006856215517098538
0.0,0.0005277651496044021,0.0006965365380933461,0.0007535475577633069,0.0008118912804958546
0.0
0.0,0.0005771726710280383,0.0007489168437161792,0.0007519430153004512,0.0007810301281337257
0.0
0.0
0.0
0.0
0.0
0.0
0.0,0.0004156768583467677,0.0004799665770883859,0.0004800945861891076,0.0007721626654234703
0.0,0.00046321717845205693,0.00046350895909492,0.0004643358059156792,0.0005779836952007066,0.0005941501474432571,0.0006998692627617667,0.0007030209664423946,0.0008705855371882895
0.0
0.0
0.0,0.0006685607165927025,0.0008051668764639503
0.0,0.0005074210697146857,0.0008245481003125675,0.000824608840054928,0.0008610085531106247
0.0
0.0,0.0006302787087959601,0.0006823558480735327,0.0006923820760863894,0.001014336668438828
0.0
0.0
0.0,0.0004336004546885103,0.0005102765553831001,0.0005106308302685254,0.0007366061100433631,0.0007400758454085891,0.00080207853572438
0.0
0.0,0.0004668738969434288,0.0006475853895157778
0.0,0.0006439641237972185,0.0006890365000013571,0.000703732294669238,0.0008116700260386145
0.0
0.0
0.0
0.0,0.0005190627467383099,0.0006361534142883536,0.0006605886539508101,0.0007089693458064535
0.0,0.0006071138101232412,0.0008282488239604219
0.0,0.0004843734568535672,0.0005847025321223733,0.0005867991791529234,0.0006265494471707838,0.0006298687637359356,0.0006460014884353232,0.0006509299053753989,0.0007277477129251635,0.0007278967888943378,0.0008197654263419236,0.0008242285760454459,0.0009474186213135347
0.0
0.0,0.00047253724511849525,0.0005412570790255465,0.0005442106568854827,0.0005574244164723228,0.000562880637487395,0.0005986530951285161,0.0006003136362364634,0.0006419479629143487,0.0006425184593333519,0.0009495309097959092
0.0
0.0,0.000537681677987379,0.0005699888970847807,0.000571109213016627,0.000703261801891304,0.0007110965402799175,0.0007414637527852275,0.0007425694124030851,0.0008366770106019245
0.0,0.0005014974992474187,0.0005423819202667706,0.0005467769278815696,0.0007496807795550317
0.0,0.000538125926871609,0.0005480182210383074,0.0005547897247306858,0.000890299357962896,0.0008958578739179727,0.00114105498116976
0.0,0.0004973268698511435,0.000891015364962644
0.0,0.000616310747854082,0.0007516649005558756
0.0,0.00039168405843209564,0.00041157860055974696,0.0004201112737354702,0.0004528853462160122,0.0004544025424937604,0.0008269139962470858
0.0,0.0005617473381354239,0.0007711444258899798
0.0
0.0
0.0,0.00046669487898633074,0.0005563400600067803,0.000558132445439675,0.0006329454201405194,0.0006364808535747507,0.0007763002289523521
0.0,0.000534785761301606,0.0005674453245712743,0.000577593897655539,0.0007570655089350891,0.000761786023557092,0.0008401660055188302,0.0008412368841759628,0.0009563044219158619
0.0
0.0,0.0006301770641067271,0.000761247845154308
0.0,0.0005385790153100049,0.0006256158680456385,0.000625880075195936,0.000687558919386646
0.0,0.0006021324409809606,0.0006973560287117826,0.0007045780327029026,0.0007724852967356317
0.0
0.0,0.0006561743101850105,0.0009438034819363217
0.0,0.0004841728258195849,0.0006478183949124947,0.0006478335005142542,0.0006635069595949562,0.0006882770572160652,0.0008985193071240955
0.0
0.0
